quarter,model,n,precision,recall,f1,roc_auc,pr_auc
2023-Q1,logistic,65,0.2631578947368421,0.6666666666666666,0.3773584905660377,0.5773333333333334,0.708552105415073
2023-Q1,random_forest,65,0.28125,0.6,0.3829787234042553,0.5546666666666666,0.7304612799702594
2023-Q2,logistic,65,0.8571428571428571,0.782608695652174,0.8181818181818182,0.8633540372670807,0.459353671247825
2023-Q2,random_forest,65,0.8666666666666667,0.5652173913043478,0.6842105263157895,0.927536231884058,0.4422415505078151
2023-Q3,logistic,65,0,0,0,0.5,0.9609136148963308
2023-Q3,random_forest,65,0,0,0,0.5967741935483871,0.9529223670246735
2023-Q4,logistic,65,0.6896551724137931,0.5882352941176471,0.6349206349206349,0.6698292220113852,0.36799803352507865
2023-Q4,random_forest,65,0.6944444444444444,0.7352941176470589,0.7142857142857144,0.7514231499051234,0.3482233565739709
2024-Q1,logistic,65,0.5862068965517241,0.68,0.6296296296296295,0.6809999999999999,0.5541447935730233
2024-Q1,random_forest,65,0.5517241379310345,0.64,0.5925925925925927,0.666,0.4992590778729706
2024-Q2,logistic,65,0.625,0.7894736842105263,0.6976744186046512,0.7860411899313501,0.6052863738312658
2024-Q2,random_forest,65,0.5882352941176471,0.5263157894736842,0.5555555555555555,0.7860411899313501,0.5686747584553672
2024-Q3,logistic,66,0.5714285714285714,0.75,0.6486486486486486,0.8099999999999999,0.6069978201787682
2024-Q3,random_forest,66,0.7222222222222222,0.8125,0.7647058823529411,0.8412499999999999,0.5835708843260455
2024-Q4,logistic,66,0.6216216216216216,0.7419354838709677,0.676470588235294,0.7161290322580645,0.3988789213216463
2024-Q4,random_forest,66,0.6666666666666666,0.5806451612903226,0.6206896551724138,0.7852534562211981,0.37360585655532114
2025-Q1,logistic,64,0.43478260869565216,0.625,0.5128205128205128,0.8033854166666666,0.5981859913097181
2025-Q1,random_forest,64,0.4117647058823529,0.4375,0.42424242424242425,0.69921875,0.6361529657747421
2025-Q2,logistic,65,0.8333333333333334,0.4838709677419355,0.6122448979591837,0.7533206831119544,0.37549116740260413
2025-Q2,random_forest,65,0.8095238095238095,0.5483870967741935,0.6538461538461537,0.7722960151802657,0.37026551196902785
2025-Q3,logistic,66,0.35,0.4375,0.38888888888888884,0.6775,0.6946422634225552
2025-Q3,random_forest,66,0.5,0.5,0.5,0.74,0.6567602950567102
2025-Q4,logistic,61,0.08333333333333333,0.2,0.11764705882352941,0.5785714285714286,0.8842058964989048
2025-Q4,random_forest,61,0.1111111111111111,0.2,0.14285714285714285,0.7857142857142857,0.9504503838441279
